event_id,label,species,ecotype,start,end
enc11,D,X,E1,2024-06-01 08:06:15.006,2024-06-01 08:06:15.641
enc11,untyped,X,E1,2024-06-01 08:06:26.815,2024-06-01 08:06:27.427
enc11,A,X,E1,2024-06-01 08:06:31.176,2024-06-01 08:06:32.118
enc11,untyped,X,E1,2024-06-01 08:06:41.480,2024-06-01 08:06:42.102
enc11,A,X,E1,2024-06-01 08:06:48.483,2024-06-01 08:06:49.553
enc11,untyped,X,E1,2024-06-01 08:06:54.332,2024-06-01 08:06:55.487
enc11,untyped,X,E1,2024-06-01 08:07:05.647,2024-06-01 08:07:06.204
enc11,A,X,E1,2024-06-01 08:07:11.441,2024-06-01 08:07:12.608
enc11,A,X,E1,2024-06-01 08:07:20.049,2024-06-01 08:07:21.194
enc11,untyped,X,E1,2024-06-01 08:07:25.270,2024-06-01 08:07:26.342
enc11,D,X,E1,2024-06-01 08:07:37.128,2024-06-01 08:07:37.740
enc11,D,X,E1,2024-06-01 08:07:43.648,2024-06-01 08:07:44.240
enc11,A,X,E1,2024-06-01 08:07:48.719,2024-06-01 08:07:49.917
enc11,D,X,E1,2024-06-01 08:07:58.302,2024-06-01 08:07:58.944
enc11,untyped,X,E1,2024-06-01 08:08:03.928,2024-06-01 08:08:05.148
enc11,A,X,E1,2024-06-01 08:08:07.328,2024-06-01 08:08:08.549
enc11,untyped,X,E1,2024-06-01 08:08:11.865,2024-06-01 08:08:12.519
enc11,A,X,E1,2024-06-01 08:08:15.515,2024-06-01 08:08:16.489
enc11,D,X,E1,2024-06-01 08:08:19.740,2024-06-01 08:08:20.405
enc11,A,X,E1,2024-06-01 08:08:26.315,2024-06-01 08:08:27.503
enc11,A,X,E1,2024-06-01 08:08:30.269,2024-06-01 08:08:31.414
enc11,untyped,X,E1,2024-06-01 08:08:34.269,2024-06-01 08:08:35.414
enc11,A,X,E1,2024-06-01 08:08:44.282,2024-06-01 08:08:45.266
enc11,A,X,E1,2024-06-01 08:08:53.296,2024-06-01 08:08:54.440
enc11,untyped,X,E1,2024-06-01 08:08:57.348,2024-06-01 08:08:57.897
enc11,untyped,X,E1,2024-06-01 08:09:03.835,2024-06-01 08:09:04.851
enc11,untyped,X,E1,2024-06-01 08:09:08.987,2024-06-01 08:09:10.207
enc11,A,X,E1,2024-06-01 08:09:19.309,2024-06-01 08:09:20.368
enc11,D,X,E1,2024-06-01 08:09:22.947,2024-06-01 08:09:23.484
enc11,untyped,X,E1,2024-06-01 08:09:28.217,2024-06-01 08:09:29.309
enc11,A,X,E1,2024-06-01 08:09:31.979,2024-06-01 08:09:33.028
enc11,untyped,X,E1,2024-06-01 08:09:36.316,2024-06-01 08:09:37.269
enc11,D,X,E1,2024-06-01 08:09:42.823,2024-06-01 08:09:43.436
enc11,A,X,E1,2024-06-01 08:09:49.484,2024-06-01 08:09:50.470
enc11,untyped,X,E1,2024-06-01 08:09:54.140,2024-06-01 08:09:55.167
enc11,untyped,X,E1,2024-06-01 08:10:00.292,2024-06-01 08:10:01.256
enc11,A,X,E1,2024-06-01 08:10:04.438,2024-06-01 08:10:05.627
enc11,untyped,X,E1,2024-06-01 08:10:13.476,2024-06-01 08:10:14.631
enc11,A,X,E1,2024-06-01 08:10:17.059,2024-06-01 08:10:18.259
enc11,untyped,X,E1,2024-06-01 08:10:28.698,2024-06-01 08:10:29.289
enc11,A,X,E1,2024-06-01 08:10:35.022,2024-06-01 08:10:35.963
enc11,D,X,E1,2024-06-01 08:10:44.306,2024-06-01 08:10:44.877
enc11,untyped,X,E1,2024-06-01 08:10:48.588,2024-06-01 08:10:49.157
enc11,D,X,E1,2024-06-01 08:10:52.746,2024-06-01 08:10:53.272
enc11,untyped,X,E1,2024-06-01 08:11:03.482,2024-06-01 08:11:04.104
enc11,D,X,E1,2024-06-01 08:11:12.447,2024-06-01 08:11:13.069
enc12,untyped,Y,n/a,2024-06-01 11:02:18.516,2024-06-01 11:02:19.897
enc12,C,Y,n/a,2024-06-01 11:02:28.664,2024-06-01 11:02:30.405
enc12,C,Y,n/a,2024-06-01 11:02:37.165,2024-06-01 11:02:38.898
enc12,C,Y,n/a,2024-06-01 11:02:42.673,2024-06-01 11:02:44.213
enc12,C,Y,n/a,2024-06-01 11:02:53.584,2024-06-01 11:02:55.390
enc12,C,Y,n/a,2024-06-01 11:02:57.951,2024-06-01 11:02:59.757
enc12,C,Y,n/a,2024-06-01 11:03:05.118,2024-06-01 11:03:06.755
enc12,C,Y,n/a,2024-06-01 11:03:14.503,2024-06-01 11:03:16.150
enc12,C,Y,n/a,2024-06-01 11:03:20.042,2024-06-01 11:03:21.571
enc12,untyped,Y,n/a,2024-06-01 11:03:24.677,2024-06-01 11:03:26.484
enc12,untyped,Y,n/a,2024-06-01 11:03:35.186,2024-06-01 11:03:36.928
enc12,untyped,Y,n/a,2024-06-01 11:03:43.026,2024-06-01 11:03:44.437
enc12,C,Y,n/a,2024-06-01 11:03:52.448,2024-06-01 11:03:54.213
enc12,untyped,Y,n/a,2024-06-01 11:04:01.190,2024-06-01 11:04:03.007
enc12,C,Y,n/a,2024-06-01 11:04:10.138,2024-06-01 11:04:11.539
enc12,C,Y,n/a,2024-06-01 11:04:14.380,2024-06-01 11:04:15.855
enc12,C,Y,n/a,2024-06-01 11:04:21.697,2024-06-01 11:04:23.322
enc12,C,Y,n/a,2024-06-01 11:04:25.417,2024-06-01 11:04:26.849
enc12,C,Y,n/a,2024-06-01 11:04:36.036,2024-06-01 11:04:37.769
enc12,C,Y,n/a,2024-06-01 11:04:45.641,2024-06-01 11:04:47.223
enc12,C,Y,n/a,2024-06-01 11:04:53.575,2024-06-01 11:04:55.135
enc12,untyped,Y,n/a,2024-06-01 11:05:03.430,2024-06-01 11:05:04.959
enc12,untyped,Y,n/a,2024-06-01 11:05:11.371,2024-06-01 11:05:12.825
enc12,C,Y,n/a,2024-06-01 11:05:22.528,2024-06-01 11:05:23.940
enc12,C,Y,n/a,2024-06-01 11:05:32.457,2024-06-01 11:05:34.039
enc12,C,Y,n/a,2024-06-01 11:05:38.349,2024-06-01 11:05:39.740
enc12,C,Y,n/a,2024-06-01 11:05:49.433,2024-06-01 11:05:50.930
enc12,untyped,Y,n/a,2024-06-01 11:06:01.309,2024-06-01 11:06:02.818
enc12,C,Y,n/a,2024-06-01 11:06:04.747,2024-06-01 11:06:06.490
enc12,C,Y,n/a,2024-06-01 11:06:15.953,2024-06-01 11:06:17.759
enc12,untyped,Y,n/a,2024-06-01 11:06:26.180,2024-06-01 11:06:27.881
enc12,C,Y,n/a,2024-06-01 11:06:32.586,2024-06-01 11:06:34.371
enc12,C,Y,n/a,2024-06-01 11:06:39.197,2024-06-01 11:06:40.621
enc12,C,Y,n/a,2024-06-01 11:06:47.020,2024-06-01 11:06:48.571
enc12,untyped,Y,n/a,2024-06-01 11:06:52.299,2024-06-01 11:06:54.095
enc12,untyped,Y,n/a,2024-06-01 11:07:03.802,2024-06-01 11:07:05.608
enc12,untyped,Y,n/a,2024-06-01 11:07:12.914,2024-06-01 11:07:14.698
enc21,B,X,E2,2024-06-02 08:02:45.582,2024-06-02 08:02:46.355
enc21,untyped,X,E2,2024-06-02 08:02:57.256,2024-06-02 08:02:58.019
enc21,B,X,E2,2024-06-02 08:03:04.392,2024-06-02 08:03:05.154
enc21,B,X,E2,2024-06-02 08:03:12.246,2024-06-02 08:03:12.923
enc21,B,X,E2,2024-06-02 08:03:18.430,2024-06-02 08:03:19.201
enc21,B,X,E2,2024-06-02 08:03:25.144,2024-06-02 08:03:25.766
enc21,B,X,E2,2024-06-02 08:03:29.660,2024-06-02 08:03:30.282
enc21,B,X,E2,2024-06-02 08:03:41.026,2024-06-02 08:03:41.776
enc21,B,X,E2,2024-06-02 08:03:51.259,2024-06-02 08:03:52.009
enc21,untyped,X,E2,2024-06-02 08:03:59.913,2024-06-02 08:04:00.535
enc21,B,X,E2,2024-06-02 08:04:05.619,2024-06-02 08:04:06.275
enc21,B,X,E2,2024-06-02 08:04:14.371,2024-06-02 08:04:15.046
enc21,untyped,X,E2,2024-06-02 08:04:24.523,2024-06-02 08:04:25.210
enc21,untyped,X,E2,2024-06-02 08:04:32.711,2024-06-02 08:04:33.408
enc21,B,X,E2,2024-06-02 08:04:37.628,2024-06-02 08:04:38.325
enc21,B,X,E2,2024-06-02 08:04:46.756,2024-06-02 08:04:47.528
enc21,B,X,E2,2024-06-02 08:04:51.561,2024-06-02 08:04:52.173
enc21,untyped,X,E2,2024-06-02 08:04:57.405,2024-06-02 08:04:58.177
enc21,untyped,X,E2,2024-06-02 08:05:06.246,2024-06-02 08:05:07.009
enc21,untyped,X,E2,2024-06-02 08:05:15.831,2024-06-02 08:05:16.496
enc21,B,X,E2,2024-06-02 08:05:20.105,2024-06-02 08:05:20.822
enc21,B,X,E2,2024-06-02 08:05:23.733,2024-06-02 08:05:24.451
enc21,B,X,E2,2024-06-02 08:05:31.361,2024-06-02 08:05:32.081
enc21,untyped,X,E2,2024-06-02 08:05:34.608,2024-06-02 08:05:35.262
enc21,B,X,E2,2024-06-02 08:05:44.934,2024-06-02 08:05:45.568
enc21,untyped,X,E2,2024-06-02 08:05:52.227,2024-06-02 08:05:52.882
enc21,B,X,E2,2024-06-02 08:05:57.359,2024-06-02 08:05:58.121
enc21,untyped,X,E2,2024-06-02 08:06:05.085,2024-06-02 08:06:05.835
enc21,B,X,E2,2024-06-02 08:06:08.967,2024-06-02 08:06:09.676
enc21,B,X,E2,2024-06-02 08:06:18.404,2024-06-02 08:06:19.091
enc21,untyped,X,E2,2024-06-02 08:06:24.941,2024-06-02 08:06:25.681
enc21,B,X,E2,2024-06-02 08:06:32.467,2024-06-02 08:06:33.078
enc21,B,X,E2,2024-06-02 08:06:40.900,2024-06-02 08:06:41.618
enc21,B,X,E2,2024-06-02 08:06:51.861,2024-06-02 08:06:52.536
enc21,B,X,E2,2024-06-02 08:06:55.914,2024-06-02 08:06:56.674
enc21,untyped,X,E2,2024-06-02 08:06:59.325,2024-06-02 08:06:59.947
enc21,B,X,E2,2024-06-02 08:07:05.263,2024-06-02 08:07:05.907
enc21,B,X,E2,2024-06-02 08:07:10.959,2024-06-02 08:07:11.709
enc21,B,X,E2,2024-06-02 08:07:18.831,2024-06-02 08:07:19.496
enc21,untyped,X,E2,2024-06-02 08:07:29.884,2024-06-02 08:07:30.645
enc21,B,X,E2,2024-06-02 08:07:39.142,2024-06-02 08:07:39.839
enc22,A,X,E1,2024-06-02 11:02:43.665,2024-06-02 11:02:44.779
enc22,A,X,E1,2024-06-02 11:02:47.322,2024-06-02 11:02:48.266
enc22,D,X,E1,2024-06-02 11:02:54.655,2024-06-02 11:02:55.181
enc22,A,X,E1,2024-06-02 11:03:00.407,2024-06-02 11:03:01.595
enc22,A,X,E1,2024-06-02 11:03:05.019,2024-06-02 11:03:06.196
enc22,untyped,X,E1,2024-06-02 11:03:13.940,2024-06-02 11:03:14.500
enc22,D,X,E1,2024-06-02 11:03:25.523,2024-06-02 11:03:26.049
enc22,A,X,E1,2024-06-02 11:03:32.607,2024-06-02 11:03:33.614
enc22,A,X,E1,2024-06-02 11:03:43.510,2024-06-02 11:03:44.687
enc22,D,X,E1,2024-06-02 11:03:50.154,2024-06-02 11:03:50.723
enc22,untyped,X,E1,2024-06-02 11:04:01.246,2024-06-02 11:04:02.263
enc22,D,X,E1,2024-06-02 11:04:07.095,2024-06-02 11:04:07.697
enc22,untyped,X,E1,2024-06-02 11:04:16.861,2024-06-02 11:04:17.526
enc22,A,X,E1,2024-06-02 11:04:27.897,2024-06-02 11:04:29.095
enc22,untyped,X,E1,2024-06-02 11:04:33.767,2024-06-02 11:04:34.753
enc22,A,X,E1,2024-06-02 11:04:45.530,2024-06-02 11:04:46.697
enc22,untyped,X,E1,2024-06-02 11:04:50.984,2024-06-02 11:04:51.522
enc22,A,X,E1,2024-06-02 11:04:57.721,2024-06-02 11:04:58.760
enc22,D,X,E1,2024-06-02 11:05:08.000,2024-06-02 11:05:08.559
enc22,D,X,E1,2024-06-02 11:05:13.861,2024-06-02 11:05:14.420
enc22,untyped,X,E1,2024-06-02 11:05:22.934,2024-06-02 11:05:23.482
enc22,A,X,E1,2024-06-02 11:05:26.703,2024-06-02 11:05:27.924
enc22,A,X,E1,2024-06-02 11:05:32.200,2024-06-02 11:05:33.270
enc22,A,X,E1,2024-06-02 11:05:36.453,2024-06-02 11:05:37.588
enc22,untyped,X,E1,2024-06-02 11:05:48.321,2024-06-02 11:05:48.848
enc22,untyped,X,E1,2024-06-02 11:05:52.724,2024-06-02 11:05:53.391
enc22,untyped,X,E1,2024-06-02 11:05:56.507,2024-06-02 11:05:57.460
enc22,D,X,E1,2024-06-02 11:06:03.417,2024-06-02 11:06:04.061
enc22,untyped,X,E1,2024-06-02 11:06:12.653,2024-06-02 11:06:13.831
enc22,A,X,E1,2024-06-02 11:06:17.543,2024-06-02 11:06:18.743
enc22,A,X,E1,2024-06-02 11:06:25.700,2024-06-02 11:06:26.664
enc22,D,X,E1,2024-06-02 11:06:32.035,2024-06-02 11:06:32.582
enc22,D,X,E1,2024-06-02 11:06:42.548,2024-06-02 11:06:43.148
enc22,untyped,X,E1,2024-06-02 11:06:47.398,2024-06-02 11:06:47.957
enc22,D,X,E1,2024-06-02 11:06:50.907,2024-06-02 11:06:51.507
enc22,D,X,E1,2024-06-02 11:07:02.884,2024-06-02 11:07:03.453
enc22,A,X,E1,2024-06-02 11:07:13.615,2024-06-02 11:07:14.855
enc22,A,X,E1,2024-06-02 11:07:16.927,2024-06-02 11:07:18.125
enc22,A,X,E1,2024-06-02 11:07:27.233,2024-06-02 11:07:28.430
enc22,A,X,E1,2024-06-02 11:07:34.128,2024-06-02 11:07:35.369
enc22,A,X,E1,2024-06-02 11:07:39.624,2024-06-02 11:07:40.865
enc31,C,Y,n/a,2024-06-03 08:07:21.456,2024-06-03 08:07:23.081
enc31,untyped,Y,n/a,2024-06-03 08:07:33.329,2024-06-03 08:07:34.805
enc31,untyped,Y,n/a,2024-06-03 08:07:40.834,2024-06-03 08:07:42.448
enc31,C,Y,n/a,2024-06-03 08:07:47.798,2024-06-03 08:07:49.381
enc31,C,Y,n/a,2024-06-03 08:07:56.201,2024-06-03 08:07:57.848
enc31,untyped,Y,n/a,2024-06-03 08:08:02.236,2024-06-03 08:08:03.969
enc31,untyped,Y,n/a,2024-06-03 08:08:10.198,2024-06-03 08:08:11.782
enc31,C,Y,n/a,2024-06-03 08:08:14.565,2024-06-03 08:08:16.019
enc31,C,Y,n/a,2024-06-03 08:08:19.440,2024-06-03 08:08:21.224
enc31,C,Y,n/a,2024-06-03 08:08:23.115,2024-06-03 08:08:24.793
enc31,C,Y,n/a,2024-06-03 08:08:31.808,2024-06-03 08:08:33.572
enc31,C,Y,n/a,2024-06-03 08:08:40.835,2024-06-03 08:08:42.482
enc31,C,Y,n/a,2024-06-03 08:08:51.720,2024-06-03 08:08:53.538
enc31,untyped,Y,n/a,2024-06-03 08:09:02.095,2024-06-03 08:09:03.783
enc31,C,Y,n/a,2024-06-03 08:09:12.354,2024-06-03 08:09:13.969
enc31,untyped,Y,n/a,2024-06-03 08:09:17.295,2024-06-03 08:09:19.016
enc31,C,Y,n/a,2024-06-03 08:09:20.950,2024-06-03 08:09:22.500
enc31,untyped,Y,n/a,2024-06-03 08:09:24.339,2024-06-03 08:09:25.869
enc31,untyped,Y,n/a,2024-06-03 08:09:34.006,2024-06-03 08:09:35.822
enc31,untyped,Y,n/a,2024-06-03 08:09:40.842,2024-06-03 08:09:42.371
enc31,untyped,Y,n/a,2024-06-03 08:09:47.588,2024-06-03 08:09:49.052
enc31,C,Y,n/a,2024-06-03 08:09:58.318,2024-06-03 08:09:59.858
enc31,C,Y,n/a,2024-06-03 08:10:04.760,2024-06-03 08:10:06.332
enc31,C,Y,n/a,2024-06-03 08:10:13.982,2024-06-03 08:10:15.394
enc31,C,Y,n/a,2024-06-03 08:10:19.924,2024-06-03 08:10:21.431
enc31,C,Y,n/a,2024-06-03 08:10:29.667,2024-06-03 08:10:31.142
enc31,untyped,Y,n/a,2024-06-03 08:10:35.121,2024-06-03 08:10:36.894
enc31,C,Y,n/a,2024-06-03 08:10:45.921,2024-06-03 08:10:47.515
enc31,C,Y,n/a,2024-06-03 08:10:50.219,2024-06-03 08:10:51.749
enc31,C,Y,n/a,2024-06-03 08:10:57.436,2024-06-03 08:10:58.996
enc31,C,Y,n/a,2024-06-03 08:11:08.854,2024-06-03 08:11:10.426
enc31,C,Y,n/a,2024-06-03 08:11:15.891,2024-06-03 08:11:17.260
enc31,untyped,Y,n/a,2024-06-03 08:11:20.187,2024-06-03 08:11:21.739
enc31,C,Y,n/a,2024-06-03 08:11:30.786,2024-06-03 08:11:32.336
enc31,C,Y,n/a,2024-06-03 08:11:34.431,2024-06-03 08:11:35.971
enc31,untyped,Y,n/a,2024-06-03 08:11:42.628,2024-06-03 08:11:44.338
enc31,untyped,Y,n/a,2024-06-03 08:11:52.762,2024-06-03 08:11:54.526
enc31,C,Y,n/a,2024-06-03 08:12:01.584,2024-06-03 08:12:03.092
enc31,untyped,Y,n/a,2024-06-03 08:12:07.062,2024-06-03 08:12:08.549
enc31,C,Y,n/a,2024-06-03 08:12:12.857,2024-06-03 08:12:14.450
enc32,untyped,X,E2,2024-06-03 11:06:19.888,2024-06-03 11:06:20.595
enc32,B,X,E2,2024-06-03 11:06:27.471,2024-06-03 11:06:28.148
enc32,B,X,E2,2024-06-03 11:06:35.052,2024-06-03 11:06:35.760
enc32,B,X,E2,2024-06-03 11:06:40.655,2024-06-03 11:06:41.427
enc32,B,X,E2,2024-06-03 11:06:52.644,2024-06-03 11:06:53.362
enc32,B,X,E2,2024-06-03 11:07:03.563,2024-06-03 11:07:04.186
enc32,untyped,X,E2,2024-06-03 11:07:10.253,2024-06-03 11:07:10.930
enc32,B,X,E2,2024-06-03 11:07:21.318,2024-06-03 11:07:21.940
enc32,B,X,E2,2024-06-03 11:07:29.907,2024-06-03 11:07:30.658
enc32,B,X,E2,2024-06-03 11:07:37.460,2024-06-03 11:07:38.137
enc32,B,X,E2,2024-06-03 11:07:47.953,2024-06-03 11:07:48.598
enc32,B,X,E2,2024-06-03 11:07:58.104,2024-06-03 11:07:58.746
enc32,untyped,X,E2,2024-06-03 11:08:07.177,2024-06-03 11:08:07.789
enc32,B,X,E2,2024-06-03 11:08:12.888,2024-06-03 11:08:13.575
enc32,B,X,E2,2024-06-03 11:08:23.892,2024-06-03 11:08:24.601
enc32,B,X,E2,2024-06-03 11:08:35.687,2024-06-03 11:08:36.448
enc32,untyped,X,E2,2024-06-03 11:08:39.381,2024-06-03 11:08:40.101
enc32,B,X,E2,2024-06-03 11:08:46.845,2024-06-03 11:08:47.489
enc32,B,X,E2,2024-06-03 11:08:55.802,2024-06-03 11:08:56.522
enc32,B,X,E2,2024-06-03 11:09:02.457,2024-06-03 11:09:03.101
enc32,untyped,X,E2,2024-06-03 11:09:06.196,2024-06-03 11:09:06.871
enc32,B,X,E2,2024-06-03 11:09:14.063,2024-06-03 11:09:14.772
enc32,B,X,E2,2024-06-03 11:09:23.595,2024-06-03 11:09:24.303
enc32,untyped,X,E2,2024-06-03 11:09:30.352,2024-06-03 11:09:31.051
enc32,untyped,X,E2,2024-06-03 11:09:34.176,2024-06-03 11:09:34.874
enc32,B,X,E2,2024-06-03 11:09:37.325,2024-06-03 11:09:38.098
enc32,B,X,E2,2024-06-03 11:09:49.020,2024-06-03 11:09:49.760
enc32,B,X,E2,2024-06-03 11:09:58.391,2024-06-03 11:09:59.035
enc32,untyped,X,E2,2024-06-03 11:10:06.262,2024-06-03 11:10:06.864
enc32,B,X,E2,2024-06-03 11:10:12.434,2024-06-03 11:10:13.142
enc32,B,X,E2,2024-06-03 11:10:18.881,2024-06-03 11:10:19.566
enc32,B,X,E2,2024-06-03 11:10:30.174,2024-06-03 11:10:30.924
enc32,B,X,E2,2024-06-03 11:10:33.973,2024-06-03 11:10:34.638
enc32,B,X,E2,2024-06-03 11:10:40.927,2024-06-03 11:10:41.549
enc32,B,X,E2,2024-06-03 11:10:47.474,2024-06-03 11:10:48.140
enc32,untyped,X,E2,2024-06-03 11:10:50.743,2024-06-03 11:10:51.407
enc32,B,X,E2,2024-06-03 11:10:53.963,2024-06-03 11:10:54.661
enc32,B,X,E2,2024-06-03 11:11:03.812,2024-06-03 11:11:04.573
enc32,B,X,E2,2024-06-03 11:11:07.992,2024-06-03 11:11:08.604
enc32,B,X,E2,2024-06-03 11:11:16.042,2024-06-03 11:11:16.803
enc33,A,X,E1,2024-06-03 14:03:37.736,2024-06-03 14:03:38.776
enc33,D,X,E1,2024-06-03 14:03:41.463,2024-06-03 14:03:42.065
enc33,untyped,X,E1,2024-06-03 14:03:50.621,2024-06-03 14:03:51.233
enc33,A,X,E1,2024-06-03 14:03:59.252,2024-06-03 14:04:00.460
enc33,A,X,E1,2024-06-03 14:04:06.880,2024-06-03 14:04:07.960
enc33,A,X,E1,2024-06-03 14:04:14.766,2024-06-03 14:04:15.944
enc33,untyped,X,E1,2024-06-03 14:04:23.677,2024-06-03 14:04:24.236
enc33,D,X,E1,2024-06-03 14:04:29.286,2024-06-03 14:04:29.822
enc33,D,X,E1,2024-06-03 14:04:38.322,2024-06-03 14:04:38.946
enc33,untyped,X,E1,2024-06-03 14:04:42.650,2024-06-03 14:04:43.220
enc33,D,X,E1,2024-06-03 14:04:47.608,2024-06-03 14:04:48.135
enc33,D,X,E1,2024-06-03 14:04:59.605,2024-06-03 14:05:00.153
enc33,D,X,E1,2024-06-03 14:05:04.901,2024-06-03 14:05:05.556
enc33,untyped,X,E1,2024-06-03 14:05:09.032,2024-06-03 14:05:09.687
enc33,A,X,E1,2024-06-03 14:05:12.582,2024-06-03 14:05:13.621
enc33,untyped,X,E1,2024-06-03 14:05:16.006,2024-06-03 14:05:16.595
enc33,untyped,X,E1,2024-06-03 14:05:25.585,2024-06-03 14:05:26.134
enc33,A,X,E1,2024-06-03 14:05:32.903,2024-06-03 14:05:33.973
enc33,untyped,X,E1,2024-06-03 14:05:37.571,2024-06-03 14:05:38.621
enc33,untyped,X,E1,2024-06-03 14:05:47.897,2024-06-03 14:05:48.552
enc33,untyped,X,E1,2024-06-03 14:05:53.348,2024-06-03 14:05:54.440
enc33,A,X,E1,2024-06-03 14:06:01.733,2024-06-03 14:06:02.719
enc33,A,X,E1,2024-06-03 14:06:09.302,2024-06-03 14:06:10.384
enc33,D,X,E1,2024-06-03 14:06:15.226,2024-06-03 14:06:15.871
enc33,untyped,X,E1,2024-06-03 14:06:26.763,2024-06-03 14:06:27.397
enc33,untyped,X,E1,2024-06-03 14:06:32.244,2024-06-03 14:06:32.803
enc33,untyped,X,E1,2024-06-03 14:06:38.283,2024-06-03 14:06:39.450
enc33,A,X,E1,2024-06-03 14:06:44.418,2024-06-03 14:06:45.542
enc33,A,X,E1,2024-06-03 14:06:52.246,2024-06-03 14:06:53.198
enc33,untyped,X,E1,2024-06-03 14:06:58.591,2024-06-03 14:06:59.683
enc33,A,X,E1,2024-06-03 14:07:08.138,2024-06-03 14:07:09.283
enc33,A,X,E1,2024-06-03 14:07:12.367,2024-06-03 14:07:13.523
enc33,A,X,E1,2024-06-03 14:07:19.977,2024-06-03 14:07:21.112
enc33,D,X,E1,2024-06-03 14:07:27.852,2024-06-03 14:07:28.517
enc33,untyped,X,E1,2024-06-03 14:07:36.529,2024-06-03 14:07:37.068
enc33,untyped,X,E1,2024-06-03 14:07:45.605,2024-06-03 14:07:46.196
enc33,D,X,E1,2024-06-03 14:07:50.678,2024-06-03 14:07:51.334
enc33,untyped,X,E1,2024-06-03 14:08:02.303,2024-06-03 14:08:03.311
enc33,A,X,E1,2024-06-03 14:08:09.328,2024-06-03 14:08:10.335
enc33,D,X,E1,2024-06-03 14:08:15.674,2024-06-03 14:08:16.266
enc33,A,X,E1,2024-06-03 14:08:26.686,2024-06-03 14:08:27.691
enc33,A,X,E1,2024-06-03 14:08:30.520,2024-06-03 14:08:31.581
