event_id,label,encounter,start,end
X1_1,SpeciesX,X1,2024-05-01 08:00:00,2024-05-01 08:10:00
X1_2,SpeciesX,X1,2024-05-01 08:40:00,2024-05-01 08:50:00
X1_3,SpeciesX,X1,2024-05-01 09:20:00,2024-05-01 09:30:00
X2_1,SpeciesX,X2,2024-05-02 10:00:00,2024-05-02 10:10:00
X2_2,SpeciesX,X2,2024-05-02 10:40:00,2024-05-02 10:50:00
X2_3,SpeciesX,X2,2024-05-02 11:20:00,2024-05-02 11:30:00
X2_4,SpeciesX,X2,2024-05-02 12:00:00,2024-05-02 12:10:00
X3_1,SpeciesX,X3,2024-05-03 12:40:00,2024-05-03 12:50:00
X3_2,SpeciesX,X3,2024-05-03 13:20:00,2024-05-03 13:30:00
X3_3,SpeciesX,X3,2024-05-03 14:00:00,2024-05-03 14:10:00
X4_1,SpeciesX,X4,2024-05-04 14:40:00,2024-05-04 14:50:00
X4_2,SpeciesX,X4,2024-05-04 15:20:00,2024-05-04 15:30:00
X4_3,SpeciesX,X4,2024-05-04 16:00:00,2024-05-04 16:10:00
X4_4,SpeciesX,X4,2024-05-04 16:40:00,2024-05-04 16:50:00
X4_5,SpeciesX,X4,2024-05-04 17:20:00,2024-05-04 17:30:00
Y1_1,SpeciesY,Y1,2024-05-05 18:00:00,2024-05-05 18:10:00
Y1_2,SpeciesY,Y1,2024-05-05 18:40:00,2024-05-05 18:50:00
Y1_3,SpeciesY,Y1,2024-05-05 19:20:00,2024-05-05 19:30:00
Y1_4,SpeciesY,Y1,2024-05-05 20:00:00,2024-05-05 20:10:00
Y1_5,SpeciesY,Y1,2024-05-05 20:40:00,2024-05-05 20:50:00
Y2_1,SpeciesY,Y2,2024-05-06 21:20:00,2024-05-06 21:30:00
Y2_2,SpeciesY,Y2,2024-05-06 22:00:00,2024-05-06 22:10:00
Y2_3,SpeciesY,Y2,2024-05-06 22:40:00,2024-05-06 22:50:00
Y3_1,SpeciesY,Y3,2024-05-07 23:20:00,2024-05-07 23:30:00
Y3_2,SpeciesY,Y3,2024-05-08 00:00:00,2024-05-08 00:10:00
Y3_3,SpeciesY,Y3,2024-05-08 00:40:00,2024-05-08 00:50:00
Y3_4,SpeciesY,Y3,2024-05-08 01:20:00,2024-05-08 01:30:00
Y4_1,SpeciesY,Y4,2024-05-09 02:00:00,2024-05-09 02:10:00
Y4_2,SpeciesY,Y4,2024-05-09 02:40:00,2024-05-09 02:50:00
Y4_3,SpeciesY,Y4,2024-05-09 03:20:00,2024-05-09 03:30:00
Y4_4,SpeciesY,Y4,2024-05-09 04:00:00,2024-05-09 04:10:00
Y4_5,SpeciesY,Y4,2024-05-09 04:40:00,2024-05-09 04:50:00
Z1_1,SpeciesZ,Z1,2024-05-10 05:20:00,2024-05-10 05:30:00
Z1_2,SpeciesZ,Z1,2024-05-10 06:00:00,2024-05-10 06:10:00
Z1_3,SpeciesZ,Z1,2024-05-10 06:40:00,2024-05-10 06:50:00
Z1_4,SpeciesZ,Z1,2024-05-10 07:20:00,2024-05-10 07:30:00
Z1_5,SpeciesZ,Z1,2024-05-10 08:00:00,2024-05-10 08:10:00
Z2_1,SpeciesZ,Z2,2024-05-11 08:40:00,2024-05-11 08:50:00
Z2_2,SpeciesZ,Z2,2024-05-11 09:20:00,2024-05-11 09:30:00
Z2_3,SpeciesZ,Z2,2024-05-11 10:00:00,2024-05-11 10:10:00
Z2_4,SpeciesZ,Z2,2024-05-11 10:40:00,2024-05-11 10:50:00
Z3_1,SpeciesZ,Z3,2024-05-12 11:20:00,2024-05-12 11:30:00
Z3_2,SpeciesZ,Z3,2024-05-12 12:00:00,2024-05-12 12:10:00
Z3_3,SpeciesZ,Z3,2024-05-12 12:40:00,2024-05-12 12:50:00
Z3_4,SpeciesZ,Z3,2024-05-12 13:20:00,2024-05-12 13:30:00
Z3_5,SpeciesZ,Z3,2024-05-12 14:00:00,2024-05-12 14:10:00
Z4_1,SpeciesZ,Z4,2024-05-13 14:40:00,2024-05-13 14:50:00
Z4_2,SpeciesZ,Z4,2024-05-13 15:20:00,2024-05-13 15:30:00
Z4_3,SpeciesZ,Z4,2024-05-13 16:00:00,2024-05-13 16:10:00
Z4_4,SpeciesZ,Z4,2024-05-13 16:40:00,2024-05-13 16:50:00
Z4_5,SpeciesZ,Z4,2024-05-13 17:20:00,2024-05-13 17:30:00
